Ticker_symbol,Security,Sector,Sub_Industry,Headquarter
MMM,3M Company,Industrials,Industrial Conglomerates,St. Paul; Minnesota
ABT,Abbott Laboratories,Health Care,Health Care Equipment,North Chicago; Illinois
ABBV,AbbVie,Health Care,Pharmaceuticals,North Chicago; Illinois
ACN,Accenture plc,Information Technology,IT Consulting & Other Services,Dublin; Ireland
ATVI,Activision Blizzard,Information Technology,Home Entertainment Software,Santa Monica; California
AYI,Acuity Brands Inc,Industrials,Electrical Components & Equipment,Atlanta; Georgia
ADBE,Adobe Systems Inc,Information Technology,Application Software,San Jose; California
AAP,Advance Auto Parts,Consumer Discretionary,Automotive Retail,Roanoke; Virginia
AES,AES Corp,Utilities,Independent Power Producers & Energy Traders,Arlington; Virginia
AET,Aetna Inc,Health Care,Managed Health Care,Hartford; Connecticut
AMG,Affiliated Managers Group Inc,Financials,Asset Management & Custody Banks,Beverly; Massachusetts
AFL,AFLAC Inc,Financials,Life & Health Insurance,Columbus; Georgia
A,Agilent Technologies Inc,Health Care,Health Care Equipment,Santa Clara; California
APD,Air Products & Chemicals Inc,Materials,Industrial Gases,Allentown; Pennsylvania
AKAM,Akamai Technologies Inc,Information Technology,Internet Software & Services,Cambridge; Massachusetts
ALK,Alaska Air Group Inc,Industrials,Airlines,Seattle; Washington
ALB,Albemarle Corp,Materials,Specialty Chemicals,Baton Rouge; Louisiana
ALXN,Alexion Pharmaceuticals,Health Care,Biotechnology,Cheshire; Connecticut
ALLE,Allegion,Industrials,Building Products,Dublin; Ireland
AGN,Allergan; Plc,Health Care,Pharmaceuticals,Dublin; Ireland
ADS,Alliance Data Systems,Information Technology,Data Processing & Outsourced Services,Plano; Texas
LNT,Alliant Energy Corp,Utilities,Electric Utilities,Madison; Wisconsin
ALL,Allstate Corp,Financials,Property & Casualty Insurance,Northfield Township; Illinois
GOOGL,Alphabet Inc Class A,Information Technology,Internet Software & Services,Mountain View; California
GOOG,Alphabet Inc Class C,Information Technology,Internet Software & Services,Mountain View; California
MO,Altria Group Inc,Consumer Staples,Tobacco,Richmond; Virginia
AMZN,Amazon.com Inc,Consumer Discretionary,Internet & Direct Marketing Retail,Seattle; Washington
AEE,Ameren Corp,Utilities,MultiUtilities,St. Louis; Missouri
AAL,American Airlines Group,Industrials,Airlines,Fort Worth; Texas
AEP,American Electric Power,Utilities,Electric Utilities,Columbus; Ohio
AXP,American Express Co,Financials,Consumer Finance,New York; New York
AIG,American International Group; Inc.,Financials,Property & Casualty Insurance,New York; New York
AMT,American Tower Corp A,Real Estate,Specialized REITs,Boston; Massachusetts
AWK,American Water Works Company Inc,Utilities,Water Utilities,Voorhees; New Jersey
AMP,Ameriprise Financial,Financials,Asset Management & Custody Banks,Minneapolis; Minnesota
ABC,AmerisourceBergen Corp,Health Care,Health Care Distributors,Chesterbrook; Pennsylvania
AME,AMETEK Inc,Industrials,Electrical Components & Equipment,Berwyn; Pennsylvania
AMGN,Amgen Inc,Health Care,Biotechnology,Thousand Oaks; California
APH,Amphenol Corp,Information Technology,Electronic Components,Wallingford; Connecticut
APC,Anadarko Petroleum Corp,Energy,Oil & Gas Exploration & Production,The Woodlands; Texas
ADI,Analog Devices; Inc.,Information Technology,Semiconductors,Norwood; Massachusetts
ANTM,Anthem Inc.,Health Care,Managed Health Care,Indianapolis; Indiana
AON,Aon plc,Financials,Insurance Brokers,London; United Kingdom
APA,Apache Corporation,Energy,Oil & Gas Exploration & Production,Houston; Texas
AIV,Apartment Investment & Mgmt,Real Estate,REITs,Denver; Colorado
AAPL,Apple Inc.,Information Technology,Computer Hardware,Cupertino; California
AMAT,Applied Materials Inc,Information Technology,Semiconductor Equipment,Santa Clara; California
ADM,Archer-Daniels-Midland Co,Consumer Staples,Agricultural Products,Decatur; Illinois
ARNC,Arconic Inc,Industrials,Aerospace & Defense,New York; New York
AJG,Arthur J. Gallagher & Co.,Financials,Insurance Brokers,Itasca; Illinois
AIZ,Assurant Inc,Financials,Multi-line Insurance,New York; New York
T,AT&T Inc,Telecommunications Services,Integrated Telecommunications Services,Dallas; Texas
ADSK,Autodesk Inc,Information Technology,Application Software,San Rafael; California
ADP,Automatic Data Processing,Information Technology,Internet Software & Services,Roseland; New Jersey
AN,AutoNation Inc,Consumer Discretionary,Specialty Stores,Fort Lauderdale; Florida
AZO,AutoZone Inc,Consumer Discretionary,Specialty Stores,Memphis; Tennessee
AVB,AvalonBay Communities; Inc.,Real Estate,Residential REITs,Arlington; Virginia[3]
AVY,Avery Dennison Corp,Materials,Paper Packaging,Glendale; California
BHI,Baker Hughes Inc,Energy,Oil & Gas Equipment & Services,Houston; Texas
BLL,Ball Corp,Materials,Metal & Glass Containers,Broomfield; Colorado
BAC,Bank of America Corp,Financials,Banks,Charlotte; North Carolina
BCR,Bard (C.R.) Inc.,Health Care,Health Care Equipment,Murray Hill; New Jersey
BAX,Baxter International Inc.,Health Care,Health Care Equipment,Deerfield; Illinois
BBT,BB&T Corporation,Financials,Banks,Winston-Salem; North Carolina
BDX,Becton Dickinson,Health Care,Health Care Equipment,Franklin Lakes; New Jersey
BBBY,Bed Bath & Beyond,Consumer Discretionary,Specialty Stores,Union; New Jersey
BRK.B,Berkshire Hathaway,Financials,Multi-Sector Holdings,Omaha; Nebraska
BBY,Best Buy Co. Inc.,Consumer Discretionary,Computer & Electronics Retail,Richfield; Minnesota
BIIB,BIOGEN IDEC Inc.,Health Care,Biotechnology,Weston; Massachusetts
BLK,BlackRock,Financials,Asset Management & Custody Banks,New York; New York
HRB,Block H&R,Financials,Consumer Finance,Kansas City; Missouri
BA,Boeing Company,Industrials,Aerospace & Defense,Chicago; Illinois
BWA,BorgWarner,Consumer Discretionary,Auto Parts & Equipment,Auburn Hills; Michigan
BXP,Boston Properties,Real Estate,REITs,Boston; Massachusetts
BSX,Boston Scientific,Health Care,Health Care Equipment,Marlborough; Massachusetts[4]
BMY,Bristol-Myers Squibb,Health Care,Health Care Distributors,New York; New York
AVGO,Broadcom,Information Technology,Semiconductors,San Jose; California
BF.B,Brown-Forman Corporation,Consumer Staples,Distillers & Vintners,Louisville; Kentucky
CHRW,C. H. Robinson Worldwide,Industrials,Air Freight & Logistics,Eden Prairie; Minnesota
CA,CA; Inc.,Information Technology,Systems Software,Islandia; New York
COG,Cabot Oil & Gas,Energy,Oil & Gas Exploration & Production,Houston; Texas
CPB,Campbell Soup,Consumer Staples,Packaged Foods & Meats,Camden; New Jersey
COF,Capital One Financial,Financials,Consumer Finance,Tysons Corner; Virginia
CAH,Cardinal Health Inc.,Health Care,Health Care Distributors,Dublin; Ohio
KMX,Carmax Inc,Consumer Discretionary,Specialty Stores,Richmond; Virginia
CCL,Carnival Corp.,Consumer Discretionary,Hotels; Resorts & Cruise Lines,Miami; Florida
CAT,Caterpillar Inc.,Industrials,Construction & Farm Machinery & Heavy Trucks,Peoria; Illinois
CBG,CBRE Group,Real Estate,Real Estate Services,Los Angeles; California
CBS,CBS Corp.,Consumer Discretionary,Broadcasting & Cable TV,New York; New York
CELG,Celgene Corp.,Health Care,Biotechnology,Summit; New Jersey
CNC,Centene Corporation,Health Care,Managed Health Care,St Louis; Missouri
CNP,CenterPoint Energy,Utilities,MultiUtilities,Houston; Texas
CTL,CenturyLink Inc,Telecommunications Services,Integrated Telecommunications Services,Monroe; Louisiana
CERN,Cerner,Health Care,Health Care Technology,North Kansas City; Missouri
CF,CF Industries Holdings Inc,Materials,Fertilizers & Agricultural Chemicals,Deerfield; Illinois
SCHW,Charles Schwab Corporation,Financials,Investment Banking & Brokerage,San Francisco; California
CHTR,Charter Communications,Consumer Discretionary,Cable & Satellite,Stamford; Connecticut
CHK,Chesapeake Energy,Energy,Integrated Oil & Gas,Oklahoma City; Oklahoma
CVX,Chevron Corp.,Energy,Integrated Oil & Gas,San Ramon; California
CMG,Chipotle Mexican Grill,Consumer Discretionary,Restaurants,Denver; Colorado
CB,Chubb Limited,Financials,Property & Casualty Insurance,Zurich; Switzerland
CHD,Church & Dwight,Consumer Staples,Household Products,Ewing; New Jersey
CI,CIGNA Corp.,Health Care,Managed Health Care,Philadelphia; Pennsylvania
XEC,Cimarex Energy,Energy,Oil & Gas Exploration & Production,Denver; Colorado
CINF,Cincinnati Financial,Financials,Property & Casualty Insurance,Fairfield; Ohio
CTAS,Cintas Corporation,Industrials,Diversified Support Services,Mason; Ohio
CSCO,Cisco Systems,Information Technology,Networking Equipment,San Jose; California
C,Citigroup Inc.,Financials,Banks,New York; New York
CFG,Citizens Financial Group,Financials,Regional Banks,Providence; Rhode Island
CTXS,Citrix Systems,Information Technology,Internet Software & Services,Fort Lauderdale; Florida
CME,CME Group Inc.,Financials,Financial Exchanges & Data,Chicago; Illinois
CMS,CMS Energy,Utilities,MultiUtilities,Jackson; Michigan
COH,Coach Inc.,Consumer Discretionary,Apparel; Accessories & Luxury Goods,New York; New York
KO,Coca Cola Company,Consumer Staples,Soft Drinks,Atlanta; Georgia
CTSH,Cognizant Technology Solutions,Information Technology,IT Consulting & Other Services,Teaneck; New Jersey
CL,Colgate-Palmolive,Consumer Staples,Household Products,New York; New York
CMCSA,Comcast A Corp,Consumer Discretionary,Cable & Satellite,Philadelphia; Pennsylvania
CMA,Comerica Inc.,Financials,Regional Banks,Dallas; Texas
CAG,ConAgra Foods Inc.,Consumer Staples,Packaged Foods & Meats,Omaha; Nebraska
CXO,Concho Resources,Energy,Oil & Gas Exploration & Production,Midland; Texas
COP,ConocoPhillips,Energy,Oil & Gas Exploration & Production,Houston; Texas
ED,Consolidated Edison,Utilities,Electric Utilities,New York; New York
STZ,Constellation Brands,Consumer Staples,Distillers & Vintners,Victor; New York
GLW,Corning Inc.,Information Technology,Electronic Components,Corning; New York
COST,Costco Co.,Consumer Staples,Hypermarkets & Super Centers,Issaquah; Washington
COTY,Coty; Inc,Consumer Staples,Personal Products,New York; NY
CCI,Crown Castle International Corp.,Real Estate,REITs,Houston; Texas
CSRA,CSRA Inc.,Information Technology,IT Consulting & Other Services,Falls Church; Virginia
CSX,CSX Corp.,Industrials,Railroads,Jacksonville; Florida
CMI,Cummins Inc.,Industrials,Industrial Machinery,Columbus; Indiana
CVS,CVS Health,Consumer Staples,Drug Retail,Woonsocket; Rhode Island
DHI,D. R. Horton,Consumer Discretionary,Homebuilding,Fort Worth; Texas
DHR,Danaher Corp.,Industrials,Industrial Conglomerates,Washington; D.C.
DRI,Darden Restaurants,Consumer Discretionary,Restaurants,Orlando; Florida
DVA,DaVita Inc.,Health Care,Health Care Facilities,Denver; Colorado
DE,Deere & Co.,Industrials,Construction & Farm Machinery & Heavy Trucks,Moline; Illinois
DLPH,Delphi Automotive,Consumer Discretionary,Auto Parts & Equipment,Gillingham; Kent; United Kingdom
DAL,Delta Air Lines,Industrials,Airlines,Atlanta; Georgia
XRAY,Dentsply Sirona,Health Care,Health Care Supplies,York; Pennsylvania
DVN,Devon Energy Corp.,Energy,Oil & Gas Exploration & Production,Oklahoma City; Oklahoma
DLR,Digital Realty Trust,Real Estate,Specialized REITs,San Francisco; California
DFS,Discover Financial Services,Financials,Consumer Finance,Riverwoods; Illinois
DISCA,Discovery Communications-A,Consumer Discretionary,Cable & Satellite,Silver Spring; Maryland
DISCK,Discovery Communications-C,Consumer Discretionary,Cable & Satellite,Silver Spring; Maryland
DG,Dollar General,Consumer Discretionary,General Merchandise Stores,Goodlettsville; Tennessee
DLTR,Dollar Tree,Consumer Discretionary,General Merchandise Stores,Chesapeake; Virginia
D,Dominion Resources,Utilities,Electric Utilities,Richmond; Virginia
DOV,Dover Corp.,Industrials,Industrial Machinery,Downers Grove; Illinois
DOW,Dow Chemical,Materials,Diversified Chemicals,Midland; Michigan
DPS,Dr Pepper Snapple Group,Consumer Staples,Soft Drinks,Plano; Texas
DTE,DTE Energy Co.,Utilities,MultiUtilities,Detroit; Michigan
DD,Du Pont (E.I.),Materials,Diversified Chemicals,Wilmington; Delaware
DUK,Duke Energy,Utilities,Electric Utilities,Charlotte; North Carolina
DNB,Dun & Bradstreet,Industrials,Research & Consulting Services,Short Hills; New Jersey
ETFC,E*Trade,Financials,Investment Banking & Brokerage,New York; New York
EMN,Eastman Chemical,Materials,Diversified Chemicals,Kingsport; Tennessee
ETN,Eaton Corporation,Industrials,Industrial Conglomerates,Dublin; Ireland
EBAY,eBay Inc.,Information Technology,Internet Software & Services,San Jose; California
ECL,Ecolab Inc.,Materials,Specialty Chemicals,St. Paul; Minnesota
EIX,Edison Int'l,Utilities,Electric Utilities,Rosemead; California
EW,Edwards Lifesciences,Health Care,Health Care Equipment,Irvine; California
EA,Electronic Arts,Information Technology,Home Entertainment Software,Redwood City; California
EMR,Emerson Electric Company,Industrials,Industrial Conglomerates,Ferguson; Missouri
ENDP,Endo International,Health Care,Pharmaceuticals,Dublin; Ireland
ETR,Entergy Corp.,Utilities,Electric Utilities,New Orleans; Louisiana
EVHC,Envision Healthcare Corp,Health Care,Health Care Services,Nashville; Tennessee
EOG,EOG Resources,Energy,Oil & Gas Exploration & Production,Houston; Texas
EQT,EQT Corporation,Energy,Oil & Gas Exploration & Production,Pittsburgh; Pennsylvania
EFX,Equifax Inc.,Industrials,Research & Consulting Services,Atlanta; Georgia
EQIX,Equinix,Real Estate,REITs,Redwood City; California
EQR,Equity Residential,Real Estate,REITs,Chicago; Illinois
ESS,Essex Property Trust; Inc.,Real Estate,Residential REITs,Palo Alto; California
EL,Estee Lauder Cos.,Consumer Staples,Personal Products,New York; New York
ES,Eversource Energy,Utilities,MultiUtilities,Springfield; Massachusetts
EXC,Exelon Corp.,Utilities,MultiUtilities,Chicago; Illinois
EXPE,Expedia Inc.,Consumer Discretionary,Internet & Direct Marketing Retail,Bellevue; Washington
EXPD,Expeditors Int'l,Industrials,Air Freight & Logistics,Seattle; Washington
ESRX,Express Scripts,Health Care,Health Care Distributors,Cool Valley; Missouri
EXR,Extra Space Storage,Real Estate,Specialized REITs,Salt Lake City; UT
XOM,Exxon Mobil Corp.,Energy,Integrated Oil & Gas,Irving; Texas
FFIV,F5 Networks,Information Technology,Networking Equipment,Seattle; Washington
FB,Facebook,Information Technology,Internet Software & Services,Menlo Park; California
FAST,Fastenal Co,Industrials,Building Products,Winona; Minnesota
FRT,Federal Realty Investment Trust,Real Estate,Retail REITs,Rockville; Maryland
FDX,FedEx Corporation,Industrials,Air Freight & Logistics,Memphis; Tennessee
FIS,Fidelity National Information Services,Information Technology,Internet Software & Services,Jacksonville; Florida
FITB,Fifth Third Bancorp,Financials,Banks,Cincinnati; Ohio
FSLR,First Solar Inc,Information Technology,Semiconductors,Tempe; Arizona
FE,FirstEnergy Corp,Utilities,Electric Utilities,Akron; Ohio
FISV,Fiserv Inc,Information Technology,Internet Software & Services,Brookfield; Wisconsin
FLIR,FLIR Systems,Information Technology,Electronic Equipment & Instruments,Wilsonville; Oregon
FLS,Flowserve Corporation,Industrials,Industrial Machinery,Irving; Texas
FLR,Fluor Corp.,Industrials,Diversified Commercial Services,Irving; Texas
FMC,FMC Corporation,Materials,Diversified Chemicals,Philadelphia; Pennsylvania
FTI,FMC Technologies Inc.,Energy,Oil & Gas Equipment & Services,Houston; Texas
FL,Foot Locker Inc,Consumer Discretionary,Apparel Retail,New York; New York
F,Ford Motor,Consumer Discretionary,Automobile Manufacturers,Dearborn; Michigan
FTV,Fortive Corp,Industrials,Industrial Machinery,Everett; Washington
FBHS,Fortune Brands Home & Security,Industrials,Building Products,Deerfield; Illinois
BEN,Franklin Resources,Financials,Asset Management & Custody Banks,San Mateo; California
FCX,Freeport-McMoran Cp & Gld,Materials,Copper,Phoenix; Arizona
FTR,Frontier Communications,Telecommunications Services,Integrated Telecommunications Services,Stamford; Connecticut
GPS,Gap (The),Consumer Discretionary,Apparel Retail,San Francisco; California
GRMN,Garmin Ltd.,Consumer Discretionary,Consumer Electronics,Schaffhausen; Switzerland
GD,General Dynamics,Industrials,Aerospace & Defense,Falls Church; Virginia
GE,General Electric,Industrials,Industrial Conglomerates,Fairfield; Connecticut
GGP,General Growth Properties Inc.,Real Estate,Retail REITs,Chicago; Illinois
GIS,General Mills,Consumer Staples,Packaged Foods & Meats,Golden Valley; Minnesota
GM,General Motors,Consumer Discretionary,Automobile Manufacturers,Detroit; Michigan
GPC,Genuine Parts,Consumer Discretionary,Specialty Stores,Atlanta; Georgia
GILD,Gilead Sciences,Health Care,Biotechnology,Foster City; California
GPN,Global Payments Inc,Information Technology,Data Processing & Outsourced Services,Atlanta; Georgia
GS,Goldman Sachs Group,Financials,Investment Banking & Brokerage,New York; New York
GT,Goodyear Tire & Rubber,Consumer Discretionary,Tires & Rubber,Akron; Ohio
GWW,Grainger (W.W.) Inc.,Industrials,Industrial Materials,Lake Forest; Illinois
HAL,Halliburton Co.,Energy,Oil & Gas Equipment & Services,Houston; Texas
HBI,Hanesbrands Inc,Consumer Discretionary,Apparel; Accessories & Luxury Goods,Winston-Salem; North Carolina
HOG,Harley-Davidson,Consumer Discretionary,Motorcycle Manufacturers,Milwaukee; Wisconsin
HAR,Harman Int'l Industries,Consumer Discretionary,Consumer Electronics,Stamford; Connecticut
HRS,Harris Corporation,Information Technology,Telecommunications Equipment,Melbourne; Florida
HIG,Hartford Financial Svc.Gp.,Financials,Property & Casualty Insurance,Hartford; Connecticut
HAS,Hasbro Inc.,Consumer Discretionary,Leisure Products,Pawtucket; Rhode Island
HCA,HCA Holdings,Health Care,Health Care Facilities,Nashville; Tennessee
HCP,HCP Inc.,Real Estate,REITs,Long Beach; California
HP,Helmerich & Payne,Energy,Oil & Gas Drilling,Tulsa; Oklahoma[5]
HSIC,Henry Schein,Health Care,Health Care Distributors,Melville; New York
HES,Hess Corporation,Energy,Integrated Oil & Gas,New York; New York
HPE,Hewlett Packard Enterprise,Information Technology,Technology Hardware; Storage & Peripherals,Palo Alto; California
HOLX,Hologic,Health Care,Health Care Equipment,Marlborough; Massachusetts
HD,Home Depot,Consumer Discretionary,Home Improvement Retail,Atlanta; Georgia
HON,Honeywell Int'l Inc.,Industrials,Industrial Conglomerates,Morristown; New Jersey
HRL,Hormel Foods Corp.,Consumer Staples,Packaged Foods & Meats,Austin; Minnesota
HST,Host Hotels & Resorts,Real Estate,REITs,Bethesda; Maryland
HPQ,HP Inc.,Information Technology,Computer Hardware,Palo Alto; California
HUM,Humana Inc.,Health Care,Managed Health Care,Louisville; Kentucky
HBAN,Huntington Bancshares,Financials,Banks,Columbus; Ohio
IDXX,IDEXX Laboratories,Health Care,Health Care Equipment,Westbrook; Maine
ITW,Illinois Tool Works,Industrials,Industrial Machinery,Glenview; Illinois
ILMN,Illumina Inc,Health Care,Life Sciences Tools & Services,San Diego; California
IR,Ingersoll-Rand PLC,Industrials,Industrial Conglomerates,Dublin; Ireland
INTC,Intel Corp.,Information Technology,Semiconductors,Santa Clara; California
ICE,Intercontinental Exchange,Financials,Diversified Financial Services,Atlanta; Georgia
IBM,International Business Machines,Information Technology,IT Consulting & Other Services,Armonk; New York
IP,International Paper,Materials,Paper Packaging,Memphis; Tennessee
IPG,Interpublic Group,Consumer Discretionary,Advertising,New York; New York
IFF,Intl Flavors & Fragrances,Materials,Specialty Chemicals,New York; New York
INTU,Intuit Inc.,Information Technology,Internet Software & Services,Mountain View; California
ISRG,Intuitive Surgical Inc.,Health Care,Health Care Equipment,Sunnyvale; California
IVZ,Invesco Ltd.,Financials,Asset Management & Custody Banks,Atlanta; Georgia
IRM,Iron Mountain Incorporated,Real Estate,REITs,Boston; Massachusetts
JBHT,J. B. Hunt Transport Services,Industrials,Trucking,Lowell; Arkansas
JEC,Jacobs Engineering Group,Industrials,Industrial Conglomerates,Pasadena; California
SJM,JM Smucker,Consumer Staples,Packaged Foods & Meats,Orrville; Ohio
JNJ,Johnson & Johnson,Health Care,Health Care Equipment,New Brunswick; New Jersey
JCI,Johnson Controls International,Industrials,Building Products,Cork; Ireland
JPM,JPMorgan Chase & Co.,Financials,Banks,New York; New York
JNPR,Juniper Networks,Information Technology,Networking Equipment,Sunnyvale; California
KSU,Kansas City Southern,Industrials,Railroads,Kansas City; Missouri
K,Kellogg Co.,Consumer Staples,Packaged Foods & Meats,Battle Creek; Michigan
KEY,KeyCorp,Financials,Banks,Cleveland; Ohio
KMB,Kimberly-Clark,Consumer Staples,Household Products,Irving; Texas
KIM,Kimco Realty,Real Estate,REITs,New Hyde Park; New York
KMI,Kinder Morgan,Energy,Oil & Gas Refining & Marketing & Transportation,Houston; Texas
KLAC,KLA-Tencor Corp.,Information Technology,Semiconductor Equipment,Milpitas; California
KSS,Kohl's Corp.,Consumer Discretionary,General Merchandise Stores,Menomonee Falls; Wisconsin
KHC,Kraft Heinz Co,Consumer Staples,Packaged Foods & Meats,Pittsburgh; Pennsylvania
KR,Kroger Co.,Consumer Staples,Food Retail,Cincinnati; Ohio
LB,L Brands Inc.,Consumer Discretionary,Apparel Retail,Columbus; Ohio
LLL,L-3 Communications Holdings,Industrials,Industrial Conglomerates,New York; New York
LH,Laboratory Corp. of America Holding,Health Care,Health Care Facilities,Burlington; North Carolina
LRCX,Lam Research,Information Technology,Semiconductor Equipment,Fremont; California
LEG,Leggett & Platt,Industrials,Industrial Conglomerates,Carthage; Missouri
LEN,Lennar Corp.,Consumer Discretionary,Homebuilding,Miami; Florida
LUK,Leucadia National Corp.,Financials,Multi-Sector Holdings,New York; New York
LVLT,Level 3 Communications,Telecommunications Services,Alternative Carriers,Broomfield; Colorado
LLY,Lilly (Eli) & Co.,Health Care,Pharmaceuticals,Indianapolis; Indiana
LNC,Lincoln National,Financials,Multi-line Insurance,Radnor; Pennsylvania
LLTC,Linear Technology Corp.,Information Technology,Semiconductors,Milpitas; California
LKQ,LKQ Corporation,Consumer Discretionary,Distributors,Chicago; Illinois
LMT,Lockheed Martin Corp.,Industrials,Aerospace & Defense,Bethesda; Maryland
L,Loews Corp.,Financials,Multi-Sector Holdings,New York; New York
LOW,Lowe's Cos.,Consumer Discretionary,Home Improvement Retail,Mooresville; North Carolina
LYB,LyondellBasell,Materials,Diversified Chemicals,Rotterdam; Netherlands
MTB,M&T Bank Corp.,Financials,Banks,Buffalo; New York
MAC,Macerich,Real Estate,Retail REITs,Santa Monica; California
M,Macy's Inc.,Consumer Discretionary,Department Stores,Cincinnati; Ohio
MNK,Mallinckrodt Plc,Health Care,Pharmaceuticals,Dublin; Ireland
MRO,Marathon Oil Corp.,Energy,Oil & Gas Exploration & Production,Houston; Texas
MPC,Marathon Petroleum,Energy,Oil & Gas Refining & Marketing & Transportation,Findlay; Ohio
MAR,Marriott Int'l.,Consumer Discretionary,Hotels; Resorts & Cruise Lines,Bethesda; Maryland
MMC,Marsh & McLennan,Financials,Insurance Brokers,New York; New York
MLM,Martin Marietta Materials,Materials,Construction Materials,Raleigh; North Carolina
MAS,Masco Corp.,Industrials,Building Products,Taylor; Michigan
MA,Mastercard Inc.,Information Technology,Internet Software & Services,Harrison; New York
MAT,Mattel Inc.,Consumer Discretionary,Leisure Products,El Segundo; California
MKC,McCormick & Co.,Consumer Staples,Packaged Foods & Meats,Sparks; Maryland
MCD,McDonald's Corp.,Consumer Discretionary,Restaurants,Oak Brook; Illinois
MCK,McKesson Corp.,Health Care,Health Care Distributors,San Francisco; California
MJN,Mead Johnson,Consumer Staples,Packaged Foods & Meats,Glenview; Illinois
MDT,Medtronic plc,Health Care,Health Care Equipment,Dublin; Ireland
MRK,Merck & Co.,Health Care,Pharmaceuticals,Whitehouse Station; New Jersey
MET,MetLife Inc.,Financials,Life & Health Insurance,New York; New York
MTD,Mettler Toledo,Health Care,Life Sciences Tools & Services,Columbus; Ohio
KORS,Michael Kors Holdings,Consumer Discretionary,Apparel; Accessories & Luxury Goods,New York; New York
MCHP,Microchip Technology,Information Technology,Semiconductors,Chandler; Arizona
MU,Micron Technology,Information Technology,Semiconductors,Boise; Idaho
MSFT,Microsoft Corp.,Information Technology,Systems Software,Redmond; Washington
MAA,Mid-America Apartments,Real Estate,Residential REITs,Memphis; Tennessee
MHK,Mohawk Industries,Consumer Discretionary,Home Furnishings,Amsterdam; New York
TAP,Molson Coors Brewing Company,Consumer Staples,Brewers,Denver; Colorado
MDLZ,Mondelez International,Consumer Staples,Packaged Foods & Meats,Northfield; Illinois
MON,Monsanto Co.,Materials,Fertilizers & Agricultural Chemicals,Creve Coeur; Missouri
MNST,Monster Beverage,Consumer Staples,Soft Drinks,Corona; California
MCO,Moody's Corp,Financials,Diversified Financial Services,New York; New York
MS,Morgan Stanley,Financials,Investment Banking & Brokerage,New York; New York
MSI,Motorola Solutions Inc.,Information Technology,Telecommunications Equipment,Schaumburg; Illinois
MUR,Murphy Oil,Energy,Integrated Oil & Gas,El Dorado; Arkansas
MYL,Mylan N.V.,Health Care,Pharmaceuticals,Amsterdam; Netherlands
NDAQ,NASDAQ OMX Group,Financials,Diversified Financial Services,New York; New York
NOV,National Oilwell Varco Inc.,Energy,Oil & Gas Equipment & Services,Houston; Texas
NAVI,Navient,Financials,Consumer Finance,Newark; Delaware
NTAP,NetApp,Information Technology,Internet Software & Services,Sunnyvale; California
NFLX,Netflix Inc.,Information Technology,Internet Software & Services,Los Gatos; California
NWL,Newell Brands,Consumer Discretionary,Housewares & Specialties,Sandy Springs; Georgia
NFX,Newfield Exploration Co,Energy,Oil & Gas Exploration & Production,Houston; Texas
NEM,Newmont Mining Corp. (Hldg. Co.),Materials,Gold,Denver; Colorado
NWSA,News Corp. Class A,Consumer Discretionary,Publishing,New York; New York
NWS,News Corp. Class B,Consumer Discretionary,Publishing,New York; New York
NEE,NextEra Energy,Utilities,MultiUtilities,Juno Beach; Florida
NLSN,Nielsen Holdings,Industrials,Research & Consulting Services,New York; New York
NKE,Nike,Consumer Discretionary,Apparel; Accessories & Luxury Goods,Washington County; Oregon
NI,NiSource Inc.,Utilities,MultiUtilities,Merrillville; Indiana
NBL,Noble Energy Inc,Energy,Oil & Gas Exploration & Production,Houston; Texas
JWN,Nordstrom,Consumer Discretionary,Department Stores,Seattle; Washington
NSC,Norfolk Southern Corp.,Industrials,Railroads,Norfolk; Virginia
NTRS,Northern Trust Corp.,Financials,Asset Management & Custody Banks,Chicago; Illinois
NOC,Northrop Grumman Corp.,Industrials,Aerospace & Defense,West Falls Church; Virginia
NRG,NRG Energy,Utilities,Independent Power Producers & Energy Traders,Princeton; New Jersey
NUE,Nucor Corp.,Materials,Steel,Charlotte; North Carolina
NVDA,Nvidia Corporation,Information Technology,Semiconductors,Santa Clara; California
ORLY,O'Reilly Automotive,Consumer Discretionary,Specialty Stores,Springfield; Missouri
OXY,Occidental Petroleum,Energy,Oil & Gas Exploration & Production,Los Angeles; California
OMC,Omnicom Group,Consumer Discretionary,Advertising,New York; New York
OKE,ONEOK,Energy,Oil & Gas Exploration & Production,Tulsa; Oklahoma
ORCL,Oracle Corp.,Information Technology,Application Software,Redwood Shores; California
PCAR,PACCAR Inc.,Industrials,Construction & Farm Machinery & Heavy Trucks,Bellevue; Washington
PH,Parker-Hannifin,Industrials,Industrial Conglomerates,Cleveland; Ohio
PDCO,Patterson Companies,Health Care,Health Care Supplies,St. Paul; Minnesota
PAYX,Paychex Inc.,Information Technology,Internet Software & Services,Penfield; New York
PYPL,PayPal,Information Technology,Data Processing & Outsourced Services,San Jose; California
PNR,Pentair Ltd.,Industrials,Industrial Machinery,Worsley; UK
PBCT,People's United Financial,Financials,Thrifts & Mortgage Finance,Bridgeport; Connecticut
PEP,PepsiCo Inc.,Consumer Staples,Soft Drinks,Purchase; New York
PKI,PerkinElmer,Health Care,Health Care Equipment,Waltham; Massachusetts
PRGO,Perrigo,Health Care,Pharmaceuticals,Dublin; Ireland
PFE,Pfizer Inc.,Health Care,Pharmaceuticals,New York; New York
PCG,PG&E Corp.,Utilities,MultiUtilities,San Francisco; California
PM,Philip Morris International,Consumer Staples,Tobacco,New York; New York
PSX,Phillips 66,Energy,Oil & Gas Refining & Marketing & Transportation,Houston; Texas
PNW,Pinnacle West Capital,Utilities,MultiUtilities,Phoenix; Arizona
PXD,Pioneer Natural Resources,Energy,Oil & Gas Exploration & Production,Irving; Texas
PBI,Pitney-Bowes,Industrials,Technology; Hardware; Software and Supplies,Stamford; Connecticut
PNC,PNC Financial Services,Financials,Banks,Pittsburgh; Pennsylvania
RL,Polo Ralph Lauren Corp.,Consumer Discretionary,Apparel; Accessories & Luxury Goods,New York; New York
PPG,PPG Industries,Materials,Diversified Chemicals,Pittsburgh; Pennsylvania
PPL,PPL Corp.,Utilities,Electric Utilities,Allentown; Pennsylvania
PX,Praxair Inc.,Materials,Industrial Gases,Danbury; Connecticut
PCLN,Priceline.com Inc,Consumer Discretionary,Internet & Direct Marketing Retail,Norwalk; Connecticut
PFG,Principal Financial Group,Financials,Diversified Financial Services,Des Moines; Iowa
PG,Procter & Gamble,Consumer Staples,Personal Products,Cincinnati; Ohio
PGR,Progressive Corp.,Financials,Property & Casualty Insurance,Mayfield Village; Ohio
PLD,Prologis,Real Estate,REITs,San Francisco; California
PRU,Prudential Financial,Financials,Diversified Financial Services,Newark; New Jersey
PEG,Public Serv. Enterprise Inc.,Utilities,Electric Utilities,Newark; New Jersey
PSA,Public Storage,Real Estate,REITs,Glendale; California
PHM,Pulte Homes Inc.,Consumer Discretionary,Homebuilding,Atlanta; Georgia
PVH,PVH Corp.,Consumer Discretionary,Apparel; Accessories & Luxury Goods,New York; New York
QRVO,Qorvo,Information Technology,Semiconductors,Greensboro; North Carolina
QCOM,QUALCOMM Inc.,Information Technology,Semiconductors,San Diego; California
PWR,Quanta Services Inc.,Industrials,Industrial Conglomerates,Houston; Texas
DGX,Quest Diagnostics,Health Care,Health Care Facilities,Madison; New Jersey
RRC,Range Resources Corp.,Energy,Oil & Gas Exploration & Production,Fort Worth; Texas
RTN,Raytheon Co.,Industrials,Aerospace & Defense,Waltham; Massachusetts
O,Realty Income Corporation,Real Estate,Retail REITs,San Diego; California
RHT,Red Hat Inc.,Information Technology,Systems Software,Raleigh; North Carolina
REGN,Regeneron,Health Care,Biotechnology,Tarrytown; New York
RF,Regions Financial Corp.,Financials,Diversified Financial Services,Birmingham; Alabama
RSG,Republic Services Inc,Industrials,Industrial Conglomerates,Phoenix; Arizona
RAI,Reynolds American Inc.,Consumer Staples,Tobacco,Winston-Salem; North Carolina
RHI,Robert Half International,Industrials,Human Resource & Employment Services,Menlo Park; California
ROK,Rockwell Automation Inc.,Industrials,Industrial Conglomerates,Milwaukee; Wisconsin
COL,Rockwell Collins,Industrials,Industrial Conglomerates,Cedar Rapids; Iowa
ROP,Roper Industries,Industrials,Industrial Conglomerates,Sarasota; Florida
ROST,Ross Stores,Consumer Discretionary,Apparel Retail,Pleasanton; California
RCL,Royal Caribbean Cruises Ltd,Consumer Discretionary,Hotels; Resorts & Cruise Lines,Miami; Florida
R,Ryder System,Industrials,Industrial Conglomerates,Miami; Florida
SPGI,S&P Global; Inc.,Financials,Diversified Financial Services,New York; New York
CRM,Salesforce.com,Information Technology,Internet Software & Services,San Francisco; California
SCG,SCANA Corp,Utilities,MultiUtilities,Cayce; South Carolina
SLB,Schlumberger Ltd.,Energy,Oil & Gas Equipment & Services,Cura√ßao; Kingdom of the Netherlands
SNI,Scripps Networks Interactive Inc.,Consumer Discretionary,Broadcasting & Cable TV,Cincinnati; Ohio
STX,Seagate Technology,Information Technology,Computer Storage & Peripherals,Dublin; Ireland
SEE,Sealed Air,Materials,Paper Packaging,Elmwood Park; New Jersey
SRE,Sempra Energy,Utilities,MultiUtilities,San Diego; California
SHW,Sherwin-Williams,Materials,Specialty Chemicals,Cleveland; Ohio
SIG,Signet Jewelers,Consumer Discretionary,Specialty Stores,Hamilton; Bermuda
SPG,Simon Property Group Inc,Real Estate,REITs,Indianapolis; Indiana
SWKS,Skyworks Solutions,Information Technology,Semiconductors,Woburn; Massachusetts
SLG,SL Green Realty,Real Estate,Office REITs,New York; New York
SNA,Snap-On Inc.,Consumer Discretionary,Household Appliances,Kenosha; Wisconsin
SO,Southern Co.,Utilities,Electric Utilities,Atlanta; Georgia
LUV,Southwest Airlines,Industrials,Airlines,Dallas; Texas
SWN,Southwestern Energy,Energy,Oil & Gas Exploration & Production,Houston; Texas[6]
SE,Spectra Energy Corp.,Energy,Oil & Gas Refining & Marketing & Transportation,Houston; Texas
SWK,Stanley Black & Decker,Consumer Discretionary,Household Appliances,New Britain; Connecticut
SPLS,Staples Inc.,Consumer Discretionary,Specialty Stores,Framingham; Massachusetts
SBUX,Starbucks Corp.,Consumer Discretionary,Restaurants,Seattle; Washington
STT,State Street Corp.,Financials,Diversified Financial Services,Boston; Massachusetts
SRCL,Stericycle Inc,Industrials,Industrial Conglomerates,Lake Forest; Illinois
SYK,Stryker Corp.,Health Care,Health Care Equipment,Kalamazoo; Michigan
STI,SunTrust Banks,Financials,Banks,Atlanta; Georgia
SYMC,Symantec Corp.,Information Technology,Application Software,Mountain View; California
SYF,Synchrony Financial,Financials,Consumer Finance,Stamford; Connecticut
SYY,Sysco Corp.,Consumer Staples,Food Distributors,Houston; Texas
TROW,T. Rowe Price Group,Financials,Diversified Financial Services,Baltimore; Maryland
TGT,Target Corp.,Consumer Discretionary,General Merchandise Stores,Minneapolis; Minnesota
TEL,TE Connectivity Ltd.,Information Technology,Electronic Manufacturing Services,Schaffhausen; Switzerland
TGNA,Tegna; Inc.,Consumer Discretionary,Publishing,McLean; Virginia
TDC,Teradata Corp.,Information Technology,Application Software,Miamisburg; Ohio
TSO,Tesoro Petroleum Co.,Energy,Oil & Gas Refining & Marketing & Transportation,San Antonio; Texas
TXN,Texas Instruments,Information Technology,Semiconductors,Dallas; Texas
TXT,Textron Inc.,Industrials,Industrial Conglomerates,Providence; Rhode Island
BK,The Bank of New York Mellon Corp.,Financials,Banks,New York; New York
CLX,The Clorox Company,Consumer Staples,Household Products,Oakland; California
COO,The Cooper Companies,Health Care,Health Care Supplies,Pleasanton; California
HSY,The Hershey Company,Consumer Staples,Packaged Foods & Meats,Hershey; Pennsylvania
MOS,The Mosaic Company,Materials,Fertilizers & Agricultural Chemicals,Plymouth; Minnesota
TRV,The Travelers Companies Inc.,Financials,Property & Casualty Insurance,New York; New York
DIS,The Walt Disney Company,Consumer Discretionary,Broadcasting & Cable TV,Burbank; California
TMO,Thermo Fisher Scientific,Health Care,Health Care Equipment,Waltham; Massachusetts
TIF,Tiffany & Co.,Consumer Discretionary,Apparel; Accessories & Luxury Goods,New York; New York
TWX,Time Warner Inc.,Consumer Discretionary,Broadcasting & Cable TV,New York; New York
TJX,TJX Companies Inc.,Consumer Discretionary,Apparel Retail,Framingham; Massachusetts
TMK,Torchmark Corp.,Financials,Life & Health Insurance,McKinney; Texas
TSS,Total System Services,Information Technology,Internet Software & Services,Columbus; Georgia
TSCO,Tractor Supply Company,Consumer Discretionary,Specialty Retail,Brentwood; Tennessee
TDG,TransDigm Group,Industrials,Aerospace & Defense,Cleveland; Ohio
RIG,Transocean,Energy,Oil & Gas Drilling,Vernier; Switzerland
TRIP,TripAdvisor,Consumer Discretionary,Internet & Direct Marketing Retail,Newton; Massachusetts
FOXA,Twenty-First Century Fox Class A,Consumer Discretionary,Publishing,New York; New York
FOX,Twenty-First Century Fox Class B,Consumer Discretionary,Publishing,New York; New York
TSN,Tyson Foods,Consumer Staples,Packaged Foods & Meats,Springdale; Arkansas
USB,U.S. Bancorp,Financials,Banks,Minneapolis; Minnesota
UDR,UDR Inc,Real Estate,Residential REITs,Highlands Ranch; Colorado
ULTA,Ulta Salon Cosmetics & Fragrance Inc,Consumer Discretionary,Specialty Stores,Bolingbrook; Illinois
UA,Under Armour,Consumer Discretionary,Apparel; Accessories & Luxury Goods,Baltimore; Maryland
UAA,Under Armour,Consumer Discretionary,Apparel; Accessories & Luxury Goods,Baltimore; Maryland
UNP,Union Pacific,Industrials,Railroads,Omaha; Nebraska
UAL,United Continental Holdings,Industrials,Airlines,Chicago; Illinois
UNH,United Health Group Inc.,Health Care,Managed Health Care,Minnetonka; Minnesota
UPS,United Parcel Service,Industrials,Air Freight & Logistics,Atlanta; Georgia
URI,United Rentals; Inc.,Industrials,Trading Companies & Distributors,Stamford; Connecticut
UTX,United Technologies,Industrials,Industrial Conglomerates,Hartford; Connecticut
UHS,Universal Health Services; Inc.,Health Care,Health Care Facilities,King of Prussia; Pennsylvania
UNM,Unum Group,Financials,Diversified Financial Services,Chattanooga; Tennessee
URBN,Urban Outfitters,Consumer Discretionary,Apparel Retail,Philadelphia; Pennsylvania
VFC,V.F. Corp.,Consumer Discretionary,Apparel; Accessories & Luxury Goods,Greensboro; North Carolina
VLO,Valero Energy,Energy,Oil & Gas Refining & Marketing & Transportation,San Antonio; Texas
VAR,Varian Medical Systems,Health Care,Health Care Equipment,Palo Alto; California
VTR,Ventas Inc,Real Estate,REITs,Chicago; Illinois
VRSN,Verisign Inc.,Information Technology,Internet Software & Services,Dulles; Virginia
VRSK,Verisk Analytics,Industrials,Research & Consulting Services,Jersey City; New Jersey
VZ,Verizon Communications,Telecommunications Services,Integrated Telecommunications Services,New York; New York
VRTX,Vertex Pharmaceuticals Inc,Health Care,Biotechnology,Cambridge; Massachusetts
VIAB,Viacom Inc.,Consumer Discretionary,Broadcasting & Cable TV,New York; New York
V,Visa Inc.,Information Technology,Internet Software & Services,San Francisco; California
VNO,Vornado Realty Trust,Real Estate,REITs,New York; New York
VMC,Vulcan Materials,Materials,Construction Materials,Birmingham; Alabama
WMT,Wal-Mart Stores,Consumer Staples,Hypermarkets & Super Centers,Bentonville; Arkansas
WBA,Walgreens Boots Alliance,Consumer Staples,Drug Retail,Deerfield; Illinois
WM,Waste Management Inc.,Industrials,Environmental Services,Houston; Texas
WAT,Waters Corporation,Health Care,Health Care Distributors,Milford; Massachusetts
WEC,Wec Energy Group Inc,Utilities,Electric Utilities,Milwaukee; Wisconsin
WFC,Wells Fargo,Financials,Banks,San Francisco; California
HCN,Welltower Inc.,Real Estate,REITs,Toledo; Ohio
WDC,Western Digital,Information Technology,Computer Storage & Peripherals,Irvine; California
WU,Western Union Co,Information Technology,Internet Software & Services,Englewood; Colorado
WRK,WestRock Company,Materials,Paper Packaging,Richmond; Virginia
WY,Weyerhaeuser Corp.,Real Estate,REITs,Federal Way; Washington
WHR,Whirlpool Corp.,Consumer Discretionary,Household Appliances,Benton Harbor; Michigan
WFM,Whole Foods Market,Consumer Staples,Food Retail,Austin; Texas
WMB,Williams Cos.,Energy,Oil & Gas Exploration & Production,Tulsa; Oklahoma
WLTW,Willis Towers Watson,Financials,Insurance Brokers,London; United Kingdom
WYN,Wyndham Worldwide,Consumer Discretionary,Hotels; Resorts & Cruise Lines,Parsippany; New Jersey
WYNN,Wynn Resorts Ltd,Consumer Discretionary,Casinos & Gaming,Las Vegas; Nevada
XEL,Xcel Energy Inc,Utilities,MultiUtilities,Minneapolis; Minnesota
XRX,Xerox Corp.,Information Technology,IT Consulting & Other Services,Norwalk; Connecticut
XLNX,Xilinx Inc,Information Technology,Semiconductors,San Jose; California
XL,XL Capital,Financials,Property & Casualty Insurance,Hamilton; Bermuda
XYL,Xylem Inc.,Industrials,Industrial Conglomerates,White Plains; New York
YHOO,Yahoo Inc.,Information Technology,Internet Software & Services,Sunnyvale; California
YUM,Yum! Brands Inc,Consumer Discretionary,Restaurants,Louisville; Kentucky
ZBH,Zimmer Biomet Holdings,Health Care,Health Care Equipment,Warsaw; Indiana
ZION,Zions Bancorp,Financials,Regional Banks,Salt Lake City; Utah
ZTS,Zoetis,Health Care,Pharmaceuticals,Florham Park; New Jersey
